customer_id,Probability of churn,Test Prediction
4536-PLEQY,0.5442413651544682,1
9921-QFQUL,0.4866469233100835,0
6485-QXWWE,0.0018601449641182223,0
6461-PPAXN,0.02907329453791052,0
5993-JSUWV,0.006990210931781486,0
1775-KWJKQ,0.007698917676053176,0
4029-HPFVY,0.6717704973580442,1
5815-HGGHV,0.09621298997207386,0
0898-XCGTF,0.2503066702575113,0
5173-WXOQV,0.34965127085260744,0
3158-MOERK,0.8251184202535491,1
6345-ULYRW,0.20763231222323836,0
5386-THSLQ,0.022532643834514112,0
8208-EUMTE,0.06381346480235245,0
2277-DJJDL,0.40265249877879944,0
5778-BVOFB,0.3296947648920392,0
4859-ZSRDZ,0.024252202595184777,0
8022-BECSI,0.03026137419467288,0
9337-SRRNI,0.001951866586490181,0
5843-TTHGI,0.2725823001184756,0
8065-YKXKD,0.6855934432165192,1
7703-ZEKEF,0.5428546015442881,1
6979-ZNSFF,0.7668655890149675,1
4501-EQDRN,0.5712268972521872,1
8617-ENBDS,0.592314209027811,1
8189-XRIKE,0.5387237110014954,1
3891-NLXJB,0.025177126128941556,0
0924-BJCRC,0.24536145356886846,0
1336-EZFZY,0.16253118359965563,0
1386-ZIKUV,0.1926135187785385,0
6899-PPEEA,0.6798596991120898,1
7722-CVFXN,0.184252540576137,0
6968-GMKPR,0.18420148733296532,0
2267-FPIMA,0.25301032661094414,0
4869-EPIUS,0.17637517942392902,0
3977-QCRSL,0.15505263495098084,0
1853-ARAAQ,0.3957296621646667,0
5296-PSYVW,0.0014017537109636757,0
8314-DPQHL,0.1516233455952239,0
0016-QLJIS,0.0180732341641152,0
9940-HPQPG,0.36399797627284136,0
3648-GZPHF,0.07086417987889151,0
6332-FBZRI,0.007031199584269295,0
8779-YIQQA,0.026599863366560984,0
0887-WBJVH,0.1846344008461691,0
5766-XQXMQ,0.1258063556574397,0
4192-GORJT,0.7494605199977611,1
8975-SKGRX,0.07476072245891575,0
3969-JQABI,0.04493789014287662,0
2077-DDHJK,0.004003049171395979,0
5996-DAOQL,0.26318092996170916,0
4750-UKWJK,0.015609944043985448,0
8436-BJUMM,0.5583683096259104,1
8218-FFJDS,0.015271389634489659,0
8097-VBQTZ,0.041070617046410345,0
5519-NPHVG,0.766822895826291,1
3911-RSNHI,0.014758744899141777,0
8802-UNOJF,0.4118881838949799,0
3834-XUIFC,0.7334441585900358,1
5321-NTRKC,0.019190052999313395,0
5840-NVDCG,0.030981787378234295,0
6035-RIIOM,0.16796993744889388,0
7055-VKGDA,0.09696820264749187,0
6578-KRMAW,0.25828499258262805,0
5914-XRFQB,0.07301717541020472,0
0308-GIQJT,0.10522457441037888,0
8016-ZMGMO,0.04566670367430095,0
2019-HDCZY,0.14299797253817068,0
3567-PQTSO,0.25792447316952577,0
5889-LFOLL,0.7103756476836792,1
9365-CSLBQ,0.0010270872940331393,0
5213-TWWJU,0.29414097943138007,0
4822-NGOCH,0.5567997063432375,1
4726-DLWQN,0.10550992263733322,0
4366-CTOUZ,0.1197745000952696,0
5149-CUZUJ,0.1115537021995344,0
5315-CKEQK,0.16383802547760512,0
8993-IZEUX,0.5037892503962035,1
9831-BPFRI,0.12352168607186434,0
6519-CFDBX,0.5168095633146856,1
7242-QZLXF,0.639238640798789,1
9509-MPYOD,0.013959927486775213,0
5502-RLUYV,0.3235165732721952,0
0880-TKATG,0.6728349788899686,1
6598-RFFVI,0.08583493733288826,0
8229-BUJHX,0.0007510584857202112,0
0303-WMMRN,0.21343351450294584,0
4854-CIDCF,0.6053895244396885,1
8699-ASUFO,0.7373188685841443,1
5135-GRQJV,0.09243361712312775,0
7047-YXDMZ,0.0606706574993574,0
4510-HIMLV,0.7055427400275132,1
5214-NLTIT,0.06564171216867837,0
4282-ACRXS,0.22502461816897207,0
2200-DSAAL,0.0378605401229863,0
5656-JAMLX,0.0015044514120005725,0
7159-NOKYQ,0.09865966612265112,0
2359-KLTEK,0.4036028990492444,0
3721-CNZHX,0.04699053029174316,0
6048-QBXKL,0.5010830286113938,1
5394-SVGJV,0.32887180423217105,0
3572-UOLYZ,0.1805883104341317,0
7619-ODSGN,0.1383724166906085,0
3374-PZLXD,0.027350659850455896,0
0023-UYUPN,0.010794667697996627,0
8336-TAVKX,0.006798583617313476,0
3605-JISKB,0.01874239161262828,0
8050-DVOJX,0.015803686503649,0
0811-GSDTP,0.3006846626982235,0
7727-SHVZV,0.11268311271954859,0
0654-PQKDW,0.013106124713912037,0
3724-BSCVH,0.05505218912900839,0
5542-NKVRU,0.008390991865462261,0
3739-YBWAB,0.05073825701326411,0
5084-OOVCJ,0.11189404926021618,0
5310-NOOVA,0.0048673630359528895,0
0547-HURJB,0.07359225388303271,0
1898-JSNDC,0.06744070352835559,0
4429-WYGFR,0.0881973083900095,0
7343-EOBEU,0.2863137870369035,0
3450-WXOAT,0.07461734321598021,0
1955-IBMMB,0.0028086090004967594,0
0407-BDJKB,0.30522699574891227,0
4822-LPTYJ,0.11406157189074392,0
1658-XUHBX,0.2813569275029919,0
2882-DDZPG,0.09556191213277603,0
4868-AADLV,0.14914836353880737,0
4523-WXCEF,0.3373702540064674,0
0876-WDUUZ,0.5405990388749612,1
7586-ZATGZ,0.49556125631692693,0
8498-XXGWA,0.0272652863068272,0
7855-DIWPO,0.5137613137736841,1
7643-RCHXS,0.0014115500966581757,0
7670-ZBPOQ,0.017218386274640316,0
7610-TVOPG,0.17229481161361146,0
4656-CAURT,0.0013695852772248772,0
7636-OWBPG,0.453762293530466,0
6847-KJLTS,0.37611016275333575,0
3590-TCXTB,0.18817489009394042,0
9134-CEQMF,0.8047913933595562,1
1820-TQVEV,0.7049140543449386,1
3387-PLKUI,0.08259407340755695,0
0661-KQHNK,0.058144732677595956,0
6350-XFYGW,0.7916482702787734,1
0886-QGENL,0.5779010362313246,1
6425-YQLLO,0.19246665781908054,0
6214-EDAKZ,0.08908056540280293,0
4971-PUYQO,0.6821216452117225,1
1998-VHJHK,0.022217755922475404,0
0328-GRPMV,0.7094960577726019,1
1100-DDVRV,0.5212894938018788,1
2873-ZLIWT,0.2377673888948661,0
5472-CVMDX,0.003602442030679184,0
7159-FVYPK,0.43402872199110537,0
8859-DZTGQ,0.010408388231900443,0
5734-EJKXG,0.16688347336835865,0
0479-HMSWA,0.17388773370296365,0
1051-GEJLJ,0.1786351488428889,0
2632-IVXVF,0.044586542403312134,0
6128-DAFVY,0.1328072698924686,0
3612-YUNGG,0.07126179177477843,0
6537-QLGEX,0.4455844374566382,0
6168-YBYNP,0.3148463616775482,0
2275-RBYQS,0.5097509397324378,1
4568-TTZRT,0.12242026882575328,0
7054-ENNGU,0.2619486219476505,0
2682-KEVRP,0.05789227574729845,0
5759-RCVCB,0.5634445511285401,1
0458-HEUZG,0.10216551110672645,0
5804-JMYIO,0.005902907809939891,0
0471-ARVMX,0.2499098675600547,0
8474-UMLNT,0.10853011629419387,0
8417-FMLZI,0.5391925147426989,1
5173-ZXXXL,0.10161489247763117,0
6408-OTUBZ,0.06637388211032894,0
9444-JTXHZ,0.5830075855916126,1
4062-HBMOS,0.4316048467461053,0
1346-PJWTK,0.08110716272956589,0
4896-CPRPF,0.009144329764774837,0
0635-WKOLD,0.04294396740642749,0
3904-UKFRE,0.6342091725484639,1
6917-IAYHD,0.31210418548017704,0
5271-YNWVR,0.07106505227923847,0
9933-QRGTX,0.0727053711125935,0
2026-TGDHM,0.6997898877636277,1
1310-QRITU,0.37637302210425466,0
9804-ICWBG,0.7057939956682263,1
5816-QVHRX,0.32381638170183336,0
8735-DCXNF,0.17760978164274976,0
4525-VZCZG,0.10936265446261072,0
4980-URKXC,0.012259391782123173,0
3387-VATUS,0.7794135223985064,1
1766-GKNMI,0.5852387391265635,1
4277-UDIEF,0.1399479957068445,0
7218-HKQFK,0.6854921001812168,1
4039-HEUNW,0.6064503290058989,1
7975-JMZNT,0.013054149198692983,0
6413-XKKPU,0.4582866511685474,0
4554-YGZIH,0.2849778458135253,0
1985-MBRYP,0.007493308863697269,0
9600-UDOPK,0.6103904320001255,1
4139-SUGLD,0.06314691040748442,0
0661-XEYAN,0.7198595497407101,1
8234-GSZYK,0.007067986136275574,0
1323-OOEPC,0.38021692868703877,0
1469-LBJQJ,0.37197123299922247,0
9685-WKZGT,0.691983252428348,1
1304-SEGFY,0.1405125601015169,0
2237-ZFSMY,0.1415960765435813,0
4018-PPNDW,0.0032506595102047868,0
6974-DAFLI,0.004459359625125488,0
1703-MGIAB,0.2906469348701884,0
7598-UAASY,0.574045539230348,1
8676-TRMJS,0.6218354284622357,1
3424-NMNBO,0.24334605087988012,0
6937-GCDGQ,0.09475711283681398,0
1226-UDFZR,0.4258317227012836,0
8738-JOKAR,0.03094751259597787,0
4176-RELJR,0.001817392934408091,0
8823-RLPWL,0.0972816142892434,0
5223-UZAVK,0.1202674033328243,0
4636-TVXVG,0.0019096879954126598,0
2164-SOQXL,0.05562447506154584,0
0537-QYZZN,0.4557308040256548,0
6505-OZNPG,0.17016058318075464,0
0269-XFESX,0.03088657750082367,0
4903-UYAVB,0.15640498014393156,0
3594-UVONA,0.08602955941708822,0
5553-AOINX,0.2352847707754032,0
8710-YGLWG,0.5043711370173796,1
7248-VZQLC,0.29240611596490074,0
3212-KXOCR,0.002945549062814599,0
9916-AYHTC,0.0032771306519817677,0
2452-MRMZF,0.002309180139844646,0
9227-YBAXE,0.013597403783464277,0
2834-JKOOW,0.07428158998347732,0
0230-UBYPQ,0.009142722975856034,0
4283-FUTGF,0.6177038280081393,1
7422-WNBTY,0.46934776218943297,0
4881-JVQOD,0.5859256796986186,1
6116-RFVHN,0.6294346554315181,1
6481-OGDOO,0.06477132171467817,0
4987-GQWPO,0.2868081246082321,0
6954-OOYZZ,0.27788337356632725,0
7503-ZGUZJ,0.7808120318317059,1
1488-PBLJN,0.06313298123699819,0
7164-BPTUT,0.013106368383221358,0
7017-VFULY,0.17289437729112003,0
4236-XPXAV,0.5322543611423033,1
1183-CANVH,0.08244346723054301,0
0754-EEBDC,0.05191130310568486,0
1678-FYZOW,0.7451414919087263,1
5854-KSRBJ,0.0012201694108468744,0
0839-JTCUD,0.009241460432578657,0
9650-VBUOG,0.007216090239355026,0
8319-QBEHW,0.16030979744466547,0
8040-MNRTF,0.5959969732698485,1
9847-HNVGP,0.041083739026817695,0
0480-KYJVA,0.0008936173994769134,0
2272-UOINI,0.2838463042520766,0
5808-TOTXO,0.10238290349924371,0
9529-OFXHY,0.5527397287402179,1
8749-JMNKX,0.3242648310653889,0
6905-NIQIN,0.33422596425331,0
0463-ZSDNT,0.4259704013122006,0
7483-IQWIB,0.3957654902142235,0
6304-IJFSQ,0.40696788781994403,0
8868-WOZGU,0.6086618921955629,1
9507-HSMMZ,0.002794454408364265,0
7721-DVEKZ,0.18924769953576734,0
7669-LCRSD,0.395283097280971,0
1877-HKBQX,0.11046688762970136,0
7973-DZRKH,0.02458430668194597,0
1447-GIQMR,0.7104315451924255,1
7950-XWOVN,0.31965676114900654,0
1430-SFQSA,0.05002792811808136,0
2195-VVRJF,0.2772527465267005,0
7426-GSWPO,0.29968453379394655,0
3018-TFTSU,0.31858157646788204,0
5119-KEPFY,0.589905797753509,1
5642-MHDQT,0.005210084537808109,0
5271-DBYSJ,0.6562758682230402,1
5847-MXBEO,0.031195788551170982,0
6352-GIGGQ,0.024337552111935463,0
2916-BQZLN,0.4705396757270332,0
0895-DQHEW,0.398341505768021,0
6981-TDRFT,0.08221758200687727,0
3352-RICWQ,0.03938025864075651,0
1635-HDGFT,0.02065968153916715,0
6326-MTTXK,0.6606388713007078,1
1169-SAOCL,0.2124149278712558,0
9445-SZLCH,0.3928998483065199,0
9481-SFCQY,0.30044526383749737,0
8316-BBQAY,0.010160017355928003,0
5175-AOBHI,0.4735370949824882,0
7594-LZNWR,0.26707253755274496,0
2750-BJLSB,0.14832299658290396,0
0533-UCAAU,0.06012039426786167,0
2195-ZRVAX,0.35156998596933364,0
3649-JPUGY,0.02115025056229348,0
5599-HVLTW,0.6249891033181374,1
4079-VTGLK,0.1441449798067568,0
9755-JHNMN,0.006705717175301259,0
4312-KFRXN,0.0012582408480595049,0
3389-YGYAI,0.7655094795819604,1
9026-LHEVG,0.46188248507836505,0
2796-UUZZO,0.08645597833319373,0
7274-RTAPZ,0.7933335281553808,1
9589-ABEPT,0.06087250900329046,0
2332-EFBJY,0.12100343218758824,0
7234-FECYN,0.7363098991215443,1
0691-IFBQW,0.29090125146679635,0
1474-JUWSM,0.02959828088226122,0
8752-STIVR,0.7352780907990544,1
3133-PZNSR,0.02661503215360224,0
9625-RZFUK,0.0012887765212670037,0
1956-YIFGE,0.3412992864870534,0
4816-JBHOV,0.5689038276593472,1
9891-NQDBD,0.02895066593144763,0
5699-BNCAS,0.002571726887390595,0
2252-NKNSI,0.026446794760604908,0
4032-RMHCI,0.026322779678284294,0
9959-WOFKT,0.059620138740610784,0
5382-TEMLV,0.06313737585551404,0
3070-FNFZQ,0.01525028194956813,0
8008-OTEZX,0.011633012821548742,0
5115-SQAAU,0.001798405951255842,0
8909-BOLNL,0.09661857994295166,0
1755-FZQEC,0.010637506548185682,0
3786-WOVKF,0.18292437207428194,0
1450-SKCVI,0.16550749479371862,0
7878-JGDKK,0.36411542912834083,0
5522-JBWMO,0.36663919226942393,0
5150-LJNSR,0.18376494360309698,0
4187-CINZD,0.19974677929942025,0
1574-DYCWE,0.002803747409578962,0
4159-NAAIX,0.10114538704107995,0
8746-BFOAJ,0.03776072427469576,0
3441-CGZJH,0.05354642880415067,0
4682-BLBUC,0.0502543839910063,0
0112-QAWRZ,0.5932546301705335,1
7872-BAAZR,0.0033329458084707096,0
8229-TNIQA,0.47187198317416157,0
7384-GHBPI,0.7097764953350109,1
1328-EUZHC,0.02752640639901969,0
0946-CLJTI,0.5103775882103809,1
3489-HHPFY,0.7932724376197388,1
2957-JIRMN,0.1473883368508513,0
7989-CHGTL,0.26119184938296686,0
9489-JMTTN,0.007922676496550372,0
3354-OADJP,0.07842110697459649,0
4821-WQOYN,0.0009098542498179826,0
9658-WYUFB,0.53756243080247,1
2911-UREFD,0.17491209087211082,0
2236-HILPA,0.0011525593239510722,0
7924-GJZFI,0.5433024983329884,1
6704-UTUKK,0.45493038451777473,0
2080-GKCWQ,0.5303127542201288,1
7233-DRTRF,0.36076995226724917,0
6688-UZPWD,0.7472822318963107,1
2761-XECQW,0.5815651849200076,1
6156-UZDLF,0.12145294228451597,0
8075-GXIUB,0.07321124288506234,0
2400-XIWIO,0.011924118509152577,0
2484-DGXPZ,0.043442462870129026,0
3521-SYVOR,0.2643565034243973,0
2284-VFLKH,0.16891328798839167,0
0902-XKXPN,0.0008062847958311747,0
7921-BEPCI,0.0047246029693666074,0
5897-ZYEKH,0.2264611688374108,0
0168-XZKBB,0.6850302672706996,1
1810-BOHSY,0.14357442974154117,0
0121-SNYRK,0.02324769188747016,0
9531-NSBMR,0.017803883186514338,0
6581-NQCBA,0.4979413968038425,0
5067-XJQFU,0.1580555671366992,0
5183-KLYEM,0.058393968070882596,0
6285-FTQBF,0.0009267128218943434,0
7379-POKDZ,0.6958546498782042,1
9513-DXHDA,0.07021890717196554,0
3604-WLABM,0.19203586441896997,0
4706-DGAHW,0.4757823012383262,0
2256-YLYLP,0.013767233271533485,0
2550-AEVRU,0.009731156237519575,0
4827-LTQRJ,0.10737775655698226,0
4332-MUOEZ,0.12184417676182893,0
1976-AZZPJ,0.3130784168565219,0
6630-UJZMY,0.8168953131020361,1
9207-ZPANB,0.02242634739008928,0
7649-SIJJF,0.009353044017552478,0
5343-SGUBI,0.1495006426504079,0
5624-RYAMH,0.19003185699397718,0
6164-HAQTX,0.004259270224960958,0
8400-WZICQ,0.022658984689008965,0
3067-SVMTC,0.00517150567335111,0
5035-BVCXS,0.5354381439931389,1
9651-GTSAQ,0.17110056882845126,0
2530-FMFXO,0.1369828499451512,0
1984-FCOWB,0.15552717478862588,0
0343-QLUZP,0.006635224588237618,0
2332-TODQS,0.007041444678981078,0
5569-IDSEY,0.18513877958796865,0
2234-EOFPT,0.010338272793569084,0
3266-FTKHB,0.027592253988003777,0
8590-OHDIW,0.00962140368527969,0
3255-GRXMG,0.21880561713556645,0
5641-DMBFJ,0.03285627834829805,0
2924-KHUVI,0.2508949830941176,0
2480-SQIOB,0.33900471962085277,0
6227-HWPWX,0.36948454908433825,0
6567-HOOPW,0.7974677469286693,1
2382-BCKQJ,0.2554410764654774,0
4654-ULTTN,0.009990948042041557,0
8552-OBVRU,0.2774799487886126,0
7460-ITWWP,0.422849025966244,0
6101-IMRMM,0.5752240107714415,1
6705-LNMDD,0.12902753687849142,0
0254-FNMCI,0.04870870923558849,0
8930-XOTDP,0.25364899897229737,0
0565-IYCGT,0.011884000706565622,0
8473-VUVJN,0.7876940471603736,1
3088-LHEFH,0.5343334272838758,1
6680-NENYN,0.2836649962715531,0
2812-REYAT,0.008129736875720073,0
2834-JRTUA,0.07801340338805518,0
7136-RVDTZ,0.059408498385574514,0
2115-BFTIW,0.3500893730257154,0
5294-DMSFH,0.49660147256254333,0
5515-AKOAJ,0.3903823150673984,0
4806-KEXQR,0.7246035589651614,1
4398-HSCJH,0.4850767871293368,0
7979-CORPM,0.5319051785807233,1
5649-ANRML,0.5089991810802259,1
9225-BZLNZ,0.02584570487383678,0
2227-JRSJX,0.4301368626839174,0
7895-VONWT,0.47176457937160077,0
1725-IQNIY,0.051029795193949304,0
4713-ZBURT,0.15941516605050193,0
7998-ZLXWN,0.07862768249464434,0
4193-ORFCL,0.4581729972468166,0
8402-OOOHJ,0.006361116689263502,0
6275-YDUVO,0.6975199637573225,1
7538-GWHML,0.6028035066338987,1
2573-GYRUU,0.41242544983892104,0
6752-APNJL,0.035452189585399585,0
1099-GODLO,0.06346628904024343,0
2995-YWTCD,0.03780979238152245,0
4443-EMBNA,0.001323919044511611,0
4248-QPAVC,0.513945810851945,1
7812-FZHPE,0.08293804772212356,0
1098-KFQEC,0.0018033344372135878,0
8835-VSDSE,0.7089889688276919,1
0795-GMVQO,0.09732042026525158,0
8851-RAGOV,0.12451800740611436,0
9554-DFKIC,0.130635883651635,0
8582-KRHPJ,0.05631378540231784,0
6583-KQJLK,0.6976039347646594,1
9624-EGDEQ,0.008318642346749658,0
8402-EIVQS,0.10796781118249672,0
2961-VNFKL,0.0018678245097009463,0
4973-RLZVI,0.02914423469955255,0
8902-ZEOVF,0.005403272863014867,0
0071-NDAFP,0.015919298808711926,0
9950-MTGYX,0.014825668146029517,0
6873-UDNLD,0.08723428098334687,0
6956-SMUCM,0.6042667889218982,1
4795-UXVCJ,0.01965988000889242,0
0956-SYCWG,0.0577352781730912,0
6207-WIOLX,0.23466472908648647,0
5419-CONWX,0.6938588708512786,1
2521-NPUZR,0.018375747801030868,0
2560-QTSBS,0.002090661513963621,0
7302-ZHMHP,0.1883214026488945,0
6891-JPYFF,0.30428124145956104,0
8149-AIQCG,0.3189955324091028,0
8309-PPCED,0.09303996200653869,0
4521-YEEHE,0.5706676959276696,1
3143-ILDAL,0.21485230897312246,0
5324-KTGCG,0.0016700841762959323,0
2294-SALNE,0.09944289765408021,0
0625-AFOHS,0.01115667717498366,0
3669-OYSJI,0.3616916882082138,0
3754-DXMRT,0.5672171606170218,1
3981-QSVQI,0.17294152537730018,0
9617-INGJY,0.6896518813413222,1
5384-ZTTWP,0.07369368142879679,0
2049-BAFNW,0.39858051792796817,0
8295-FHIVV,0.19606762430366537,0
4567-AKPIA,0.1987972271788889,0
0365-TRTPY,0.18034748273754733,0
9643-YBLUR,0.38500975000336396,0
5339-PXDVH,0.5976096897989966,1
6976-BWGLQ,0.0009848958518935517,0
3347-YJZZE,0.16799190955344154,0
2388-LAESQ,0.08659642674546025,0
6963-EZQEE,0.018415859387249548,0
8630-FJLIB,0.541398225732317,1
4937-QPZPO,0.257257404331077,0
6877-LGWXO,0.5623053364690034,1
9102-OXKFY,0.011586035475848206,0
3413-BMNZE,0.4337961716798443,0
1576-PFZIW,0.058956977171500446,0
1270-XKUCC,0.010509331881347466,0
3384-CTMSF,0.5073381628928113,1
0013-EXCHZ,0.6700475294405818,1
6633-SYEUS,0.19053570059975183,0
0017-IUDMW,0.057750053477889154,0
5982-PSMKW,0.058754931155604886,0
6917-FIJHC,0.0020367174735183876,0
8988-ECPJR,0.39331919090728606,0
0376-YMCJC,0.5123749878381313,1
8200-LGKSR,0.014067958045055062,0
5879-SESNB,0.5795801852508747,1
7813-ZGGAW,0.44868971964147814,0
7037-MTYVW,0.04619293769397627,0
8383-SGHJU,0.038476894090358524,0
5453-YBTWV,0.023329955755497758,0
5973-EJGDP,0.16779688059707137,0
5780-INQIK,0.22985045545428032,0
8486-AYEQH,0.47590532974481053,0
3130-ICDUP,0.43961293798342777,0
2207-QPJED,0.29392370531294915,0
4471-KXAUH,0.2722457867537806,0
2472-OVKUP,0.6255610765919729,1
3551-GAEGL,0.04373581363895044,0
6131-JLWZM,0.14520668976304438,0
1960-UYCNN,0.6503306987189852,1
1299-AURJA,0.0010821908836308328,0
0848-SOMKO,0.004693178954278529,0
4981-FLTMF,0.015336045476727796,0
4012-ZTHBR,0.24655077363714228,0
6317-YPKDH,0.4761804778762316,0
8095-WANWK,0.29382959497913025,0
7100-FQPRV,0.03944522327184822,0
4946-EDSEW,0.1349865053117546,0
4250-WAROZ,0.23775212586796088,0
4423-YLHDV,0.5757592626948926,1
3733-ZEECP,0.16804211475401667,0
4765-OXPPD,0.08983724321986979,0
5485-WUYWF,0.3421101567150327,0
0680-DFNNY,0.7417815058681397,1
4227-OJHAL,0.018007075211825967,0
8007-YYPWD,0.0375346338364447,0
0324-BRPCJ,0.42067368533154387,0
7636-PEPNS,0.020054160706003292,0
3726-TBHQT,0.05696089634661509,0
9367-WXLCH,0.608701884886226,1
1167-OYZJF,0.0021346778536016505,0
9391-LMANN,0.06451091007749242,0
0623-GDISB,0.37392150034243504,0
3057-VJJQE,0.034205874931941216,0
7599-NTMDP,0.005510358842169623,0
3146-JTQHR,0.059857257456382165,0
7073-QETQY,0.00275330967799011,0
1410-RSCMR,0.18389780074109163,0
2999-AANRQ,0.030993101540208297,0
9242-TKFSV,0.008465121475674056,0
8286-AFUYI,0.310428059930985,0
7851-WZEKY,0.8250963388258001,1
0943-ZQPXH,0.3717515204651552,0
9895-VFOXH,0.5664798228292605,1
5975-BAICR,0.0477392753395331,0
3520-FJGCV,0.047323359976494804,0
7163-OCEQI,0.15984971538685158,0
4803-LBYPN,0.022942612975431168,0
6603-QWSPR,0.11748161000379302,0
5022-JNQEQ,0.4645672048584505,0
9019-QVLZD,0.6716043135640217,1
5727-MYATE,0.011100202898359016,0
3740-RLMVT,0.008926376536480972,0
5073-WXOYN,0.12103826538192926,0
0136-IFMYD,0.13745925298786685,0
1024-VRZHF,0.6763411018568947,1
8063-RJYNF,0.6010459187602464,1
7271-AJDTL,0.2668585972616934,0
0691-NIKRI,0.2738621415533415,0
6175-IRFIT,0.6011777158233088,1
3990-QYKBE,0.6625714280382584,1
2080-SRCDE,0.19311853453967676,0
8111-SLLHI,0.6177152666346352,1
3813-DHBBB,0.008655552242985191,0
7511-YMXVQ,0.6958786832860799,1
8628-MFKAX,0.08040593480263064,0
9524-EGPJC,0.5540563732770476,1
0665-XHDJU,0.14920543365106387,0
4016-BJKTZ,0.18757392916885463,0
1821-BUCWY,0.04562170856215454,0
0486-LGCCH,0.03392139532548191,0
7014-ZZXAW,0.001776453319187528,0
6617-WLBQC,0.1605915151960121,0
9575-IWCAZ,0.10333389993694411,0
7142-HVGBG,0.5538684958633371,1
6248-TKCQV,0.0145508012664813,0
9773-PEQBZ,0.5115807614506497,1
2357-COQEK,0.589403776699162,1
6300-BWMJX,0.16691105338271606,0
6585-WCEWR,0.0007629162672658509,0
3050-RLLXC,0.00881286461266675,0
0074-HDKDG,0.056449742122791,0
5609-IMCGG,0.4435976881467221,0
0428-AXXLJ,0.03563645420535741,0
2995-UPRYS,0.23045474929645754,0
4154-AQUGT,0.48450539913444857,0
2968-SSGAA,0.7684814420833196,1
7401-RUBNK,0.3574970066773326,0
1791-PQHBB,0.3506301071907086,0
6174-NRBTZ,0.04308935575485309,0
5307-DZCVC,0.5664446193127983,1
4795-KTRTH,0.7191951671279022,1
9388-ZEYVT,0.04636403766118175,0
3967-KXAPS,0.010415194613100804,0
5898-IGSLP,0.1643964403407769,0
2068-WWXQZ,0.004105046863885581,0
6469-QJKZW,0.1797202061756258,0
5311-IHLEI,0.2796490457285177,0
2321-OMBXY,0.027467600823820472,0
3066-RRJIO,0.6912787682419549,1
5577-OTWWW,0.08087057619363003,0
6122-EFVKN,0.03520076860963135,0
1042-HFUCW,0.04617072096011072,0
9076-AXYIK,0.10567868645670392,0
5955-EPOAZ,0.20896647225704099,0
1376-HHBDV,0.13346959008247442,0
3982-XWFZQ,0.16199858410737572,0
2546-KZAAT,0.052756819755695544,0
6243-OZGFH,0.5196769746756679,1
5402-HTOTQ,0.247836341351527,0
9929-PLVPA,0.11840680261021864,0
1038-ZAGBI,0.04433951122020432,0
4067-HLYQI,0.36329082975564414,0
3486-HOOGQ,0.005627268244322625,0
3594-IVHJZ,0.2541177757886575,0
9220-ZNKJI,0.0528211574029742,0
0725-CXOTM,0.09217272377350991,0
6941-PMGEP,0.7212213609817868,1
6234-PFPXL,0.2997360464920349,0
8749-TZYEC,0.001133067833771287,0
5692-ICXLW,0.5875521001005855,1
6234-RAAPL,0.0233930211017553,0
8434-PNQZX,0.05995116262972144,0
8165-CBKXO,0.022321335183978885,0
4891-NLUBA,0.020942841147217856,0
3247-ZVOUO,0.6947291288323951,1
3005-NFMTA,0.46322860457514475,0
1502-XFCVR,0.16362301235336166,0
7291-CDTMJ,0.24523361033587773,0
0440-MOGPM,0.1449313602890238,0
6702-OHFWR,0.6779782420758994,1
8111-RKSPX,0.685897704576605,1
1621-YNCJH,0.09266094035274554,0
7878-RTCZG,0.18971215605875086,0
1934-MKPXS,0.01080891207759551,0
8943-URTMR,0.73548483553489,1
0815-MFZGM,0.1373286137853496,0
9496-IVVRP,0.1705603322497798,0
1116-DXXDF,0.19043682810564372,0
2791-SFVEW,0.11739907243394791,0
3090-QFUVD,0.1656079202716198,0
7932-WPTDS,0.7404285701095854,1
1925-LFCZZ,0.09658775905423202,0
2640-PMGFL,0.3517397341762641,0
2749-CTKAJ,0.02564426179289832,0
5376-PCKNB,0.1339083967757406,0
5940-NFXKV,0.6023078886077541,1
1455-UGQVH,0.7652005128465335,1
6862-CQUMB,0.4430122697970494,0
1803-BGNBD,0.22322953682743396,0
2361-UPSND,0.0189692305911217,0
2391-IPLOP,0.04724922217968968,0
3348-CFRNX,0.49359313815152545,0
0611-DFXKO,0.6593618917974625,1
4291-SHSBH,0.6537338749587976,1
8042-JVNFH,0.6915903953753474,1
7908-QCBCA,0.6965582053510349,1
1266-NZYUI,0.0033410403356959385,0
3951-NJCVI,0.6377537811247361,1
4109-CYRBD,0.30803778483476973,0
6919-ELBGL,0.06717270400949815,0
2832-KJCRD,0.47438985054967264,0
4884-TVUQF,0.05267288686668081,0
8224-IVVPA,0.13530258346447493,0
4450-MDZFX,0.11634954050438141,0
5697-GOMBF,0.3947038065238114,0
3544-FBCAS,0.015520436366687805,0
5038-ETMLM,0.06551585062955646,0
5655-JSMZM,0.5905826416339581,1
0224-NIJLP,0.04098894460248561,0
0696-UKTOX,0.0824853862609576,0
7216-KAOID,0.007105759800343712,0
7845-URHJN,0.12461036192030824,0
6416-TVAIH,0.6643058409134858,1
7148-XZPHA,0.06659462683252612,0
7252-NTGSS,0.402461720160424,0
3795-CAWEX,0.05732410167828306,0
0363-SVHYR,0.0076266236170727695,0
3191-CSNMG,0.7130324102734027,1
8380-PEFPE,0.6657749874014434,1
8610-WFCJF,0.4999918049985976,0
3669-LVWZB,0.6688610308588326,1
3841-NFECX,0.029627734297094973,0
2696-ECXKC,0.14749087279970527,0
2576-HXMPA,0.16435802902324703,0
6339-DKLMK,0.45391687543236353,0
7633-MVPUY,0.00840977594321248,0
5371-VYLSX,0.23537471368940044,0
8566-YPRGL,0.26395403590702926,0
5986-WWXDV,0.007872670672559937,0
2014-MKGMH,0.38697840315130194,0
5006-MXVRN,0.0060129834363477205,0
3500-RMZLT,0.4212645855420969,0
8591-TKMZH,0.08432609051437336,0
8063-GBATB,0.6538152510361405,1
4670-TABXH,0.07695816573942708,0
5671-UUNXD,0.34228159809539366,0
9412-GHEEC,0.31271935956329083,0
3804-RVTGV,0.3498299442708526,0
2460-FPSYH,0.2389114215783333,0
2397-BRLOM,0.6579999122183294,1
4001-TSBTV,0.23455049862150035,0
0810-BDHAW,0.10941521534626857,0
4134-BSXLX,0.055381437672666914,0
6522-OIQSX,0.01844734869736257,0
1891-QRQSA,0.09711061657799319,0
4544-RXFMG,0.23113074534263545,0
5054-IEXZT,0.5960234578167469,1
7554-AKDQF,0.3549571355773457,0
6122-LJADA,0.011854076238977558,0
3319-DWOEP,0.7858261993820219,1
4919-IKATY,0.5471240894692143,1
2292-XQWSV,0.05437006674302419,0
6814-ZPWFQ,0.007924931948441172,0
5915-ANOEI,0.006722468319779767,0
2789-CZANW,0.04469439859558606,0
9540-JYROE,0.6219118667208191,1
0516-WJVXC,0.1844780795019081,0
3569-JFODW,0.008234731429027255,0
6959-GQEGV,0.1417409391606246,0
8421-WZOOW,0.15835675907469962,0
8696-JKZNU,0.4925416545434087,0
4456-RHSNB,0.21614459887953424,0
4238-JSSWH,0.5298637944050789,1
8929-KSWIH,0.15299727719208236,0
2876-VBBBL,0.2657204838749864,0
0282-NVSJS,0.3908164243357175,0
8773-HHUOZ,0.39659523466515956,0
4451-RWASJ,0.058076623350869674,0
7074-STDCN,0.1586877171537882,0
3440-JPSCL,0.6002801111148264,1
3143-JQEGI,0.5886744905838938,1
6686-YPGHK,0.22508721309849028,0
3683-QKIUE,0.30157350453016646,0
6621-NRZAK,0.00107620960469215,0
1197-BVMVG,0.7713538876445584,1
4652-ODEVH,0.0054132623104397185,0
1559-DTODC,0.37723928915627536,0
8821-KVZKQ,0.018790493640909418,0
0320-DWVTU,0.03411999184180684,0
8480-PPONV,0.04668176214640948,0
6303-KFWSL,0.12678429748048534,0
1685-VAYJF,0.2483432352759538,0
2842-JTCCU,0.3676897595774324,0
3498-LZGQZ,0.0018856646078109058,0
4910-AQFFX,0.5663746783408653,1
5356-RHIPP,0.26259489669034425,0
5480-TBGPH,0.5110867942997755,1
8957-THMOA,0.002408575455361938,0
6047-SUHPR,0.022110361554173088,0
5394-MEITZ,0.0191674646671335,0
2212-LYASK,0.1312691016007203,0
6416-YJTTB,0.4230983257750267,0
1140-UKVZG,0.10060562938559309,0
5429-LWCMV,0.6575238254386288,1
5671-RQRLP,0.06999313783615124,0
8809-XKHMD,0.04199202881475485,0
0947-MUGVO,0.5179594601991173,1
2528-HFYZX,0.5548555731406358,1
2667-WYLWJ,0.09092362194381974,0
0623-EJQEG,0.058054906947521245,0
2865-TCHJW,0.7914523249851941,1
0748-RDGGM,0.06862409216000831,0
3930-ZGWVE,0.18706859770122428,0
3190-FZATL,0.0754331266009638,0
5630-IXDXV,0.4783362705575164,0
8782-NUUOL,0.018922247416007818,0
6445-TNRXS,0.06150674888470015,0
3506-LCJDC,0.15092865881853665,0
2988-QRAJY,0.08749261483677687,0
9375-MHRRS,0.22968606131226527,0
8780-IHCRN,0.0015456742402609846,0
0496-AHOOK,0.06954615340959619,0
1282-IHQAC,0.022204868310340138,0
5306-BVTKJ,0.024844826522046937,0
3761-FLYZI,0.42873717111773624,0
1066-JKSGK,0.18780556853087368,0
4143-HHPMK,0.26501475813883224,0
6286-SUUWT,0.18743680446147504,0
9134-WYRVP,0.09630259698021405,0
0639-TSIQW,0.17967401209351247,0
1792-UXAFY,0.596660595379302,1
6993-YCOBK,0.09658836027551217,0
7776-QWNFX,0.17717949213505943,0
2754-VDLTR,0.6552511058023799,1
0505-SPOOW,0.0009411203903662982,0
6080-TCMYC,0.34838405137944967,0
9777-IQHWP,0.03907056258064589,0
0880-FVFWF,0.18776017313011392,0
8910-ICHIU,0.13263656719168995,0
1644-IRKSF,0.3485534658549723,0
7321-VGNKU,0.7062089321600825,1
9986-BONCE,0.152765709726542,0
2789-HQBOU,0.7338014564692116,1
2024-BASKD,0.656091750060196,1
5605-XNWEN,0.0023134827933382514,0
5995-WWKKG,0.01984711433405598,0
9253-VIFJQ,0.009888014412398649,0
5863-OOKCL,0.11375333053667391,0
7876-DNYAP,0.0007688911706336134,0
7008-LZVOZ,0.0020129381111072394,0
4367-NHWMM,0.6692410490830369,1
1767-CJKBA,0.0018645163371119376,0
7409-KIUTL,0.7160339155428241,1
0260-ZDLGK,0.31920794697079197,0
0621-CXBKL,0.002820327916656855,0
0195-IESCP,0.7356483984135596,1
2202-CUYXZ,0.7268823633866093,1
4822-YCXMX,0.6045145751737674,1
4335-UPJSI,0.014982575549190753,0
9677-AVKED,0.053029469896726376,0
8652-YHIYU,0.24770665457296467,0
8468-FZTOE,0.005352309350193178,0
9274-UARKJ,0.5308254638145472,1
6180-YBIQI,0.4986249669820189,0
7000-WCEVQ,0.455380194522318,0
7693-QPEFS,0.28813301205128494,0
5668-MEISB,0.022274937826085348,0
8041-TMEID,0.0916839646242444,0
4759-PXTAN,0.05694006566672195,0
5266-PFRQK,0.0051987270706822485,0
2455-USLMV,0.3094570552324996,0
6407-GSJNL,0.004285643255965813,0
8374-UULRV,0.009727529385910911,0
7693-LCKZL,0.6191126836639649,1
4628-WQCQQ,0.26106180671813933,0
7879-CGSFV,0.16451795290251303,0
2498-XLDZR,0.015662742554102622,0
2012-NWRPA,0.8031397054658695,1
3512-IZIKN,0.004283008907602785,0
1074-WVEVG,0.0032705871706141835,0
1848-LBZHY,0.3182690736307186,0
4393-GEADV,0.03264072913171015,0
9500-LTVBP,0.20438934328085293,0
7169-YWAMK,0.003004554163612548,0
7544-ZVIKX,0.1599129748438476,0
6933-FHBZC,0.10005815136873632,0
3312-UUMZW,0.5345347834336164,1
8495-PRWFH,0.1261707649635825,0
2054-PJOCK,0.03243132112274152,0
6867-ACCZI,0.049670815999700524,0
8670-ERCJH,0.04120820809058677,0
5129-JLPIS,0.4017299314902972,0
7363-QTBIW,0.6998741854261693,1
2081-VEYEH,0.5843644392953913,1
7766-CLTIC,0.3329904741426317,0
8807-OPMBM,0.004009411453511127,0
6100-FJZDG,0.02807774101799872,0
0557-ASKVU,0.07575475219950131,0
6645-MXQJT,0.5688733369500412,1
0750-EKNGL,0.13720712967249188,0
8048-DSDFQ,0.18789784664946063,0
6351-SCJKT,0.2722834119167667,0
5981-ZVXOT,0.3497309476121114,0
1589-AGTLK,0.5013689938780179,1
4524-QCSSM,0.22307688335721945,0
9025-ZRPVR,0.17454840490259751,0
8677-HDZEE,0.3029787376554424,0
4584-LBNMK,0.011094219523544538,0
2322-VCZHZ,0.46681977964925087,0
8920-NAVAY,0.20411602032866974,0
4049-ZPALD,0.09428857218861361,0
9512-PHSMG,0.177860517314893,0
5862-BRIXZ,0.04125032060367434,0
0742-LAFQK,0.07271579406589412,0
4003-FUSHP,0.2206032951354975,0
4518-FZBSX,0.007440219823424497,0
5956-YHHRX,0.7003417401108429,1
4910-GMJOT,0.8280908396720419,1
0875-CABNR,0.6453063963846123,1
3774-VBNXY,0.0012256160497685093,0
8740-XLHDR,0.27482494208397745,0
3120-FAZKD,0.004230972476286394,0
6064-ZATLR,0.027821272855227484,0
6110-OHIHY,0.6535246743729262,1
9822-BIIGN,0.040991933898174425,0
2985-FMWYF,0.7225350090017854,1
4393-RYCRE,0.20441103594797796,0
6035-BXTTY,0.07268225496584121,0
8124-NZVGJ,0.42418644624172513,0
2150-WLKUW,0.06860591359336217,0
1345-ZUKID,0.05051959957068462,0
2108-YKQTY,0.26579704661699743,0
2303-PJYHN,0.1730363118791234,0
3014-WJKSM,0.36295182249397084,0
3842-IYKUE,0.16702664223060867,0
2123-VSCOT,0.020491947462368567,0
6377-WHAOX,0.42312616331737146,0
0426-TIRNE,0.19157871038649676,0
5825-XJOCM,0.02435379156201797,0
3633-CDBUW,0.09510990939421628,0
8189-HBVRW,0.13839694872635647,0
5935-FCCNB,0.7865712102370664,1
7639-SUPCW,0.157914075915935,0
1150-FTQGN,0.07269937961256304,0
3460-TJBWI,0.019717243651380386,0
7337-CINUD,0.037963238215217056,0
3866-MDTUB,0.5264297902314501,1
6906-ANDWJ,0.5482892066189768,1
8707-HOEDG,0.09101525611628475,0
7255-SSFBC,0.07925351650943334,0
1442-OKRJE,0.09797927502749945,0
2725-KXXWT,0.7988411664007707,1
0564-MUUQK,0.4272711273407997,0
7587-RZNME,0.493426243434433,0
0565-JUPYD,0.04557385121045759,0
7326-RIGQZ,0.6158474120164161,1
7945-HLKEA,0.012035339062197496,0
5777-ZPQNC,0.06255466306053604,0
3254-YRILK,0.6730894907325149,1
4950-HKQTE,0.027979790071855876,0
9801-GDWGV,0.5204658470691327,1
0420-HLGXF,0.6525390090902763,1
2056-EVGZL,0.056389153721556305,0
9281-OFDMF,0.38586010554253,0
9833-TGFHX,0.19478206240816615,0
6248-BSHKG,0.0022283020154312415,0
7501-VTYLJ,0.2853289009933722,0
4060-LDNLU,0.721113368246519,1
1241-EZFMJ,0.0023752719587756916,0
5875-YPQFJ,0.7057939956682263,1
0302-JOIVN,0.5861203600282422,1
1222-LRYKO,0.1510326718284477,0
3704-IEAXF,0.006574239693653072,0
4160-AMJTL,0.17007416687949786,0
5296-BFCYD,0.005853739075696233,0
8174-TBVCF,0.020394658609829534,0
2746-DIJLO,0.06217109876427154,0
9546-CQJSU,0.7700825184887347,1
4102-HLENU,0.006735786915754033,0
7964-VEXDG,0.3331482680623244,0
3798-EPWRR,0.4623501694263844,0
4905-JEFDW,0.4284050074126752,0
7893-IXHRQ,0.20189781195684384,0
5442-XSDCW,0.6007677823107688,1
5028-HTLJB,0.2248855722254958,0
0848-ZGQIJ,0.6089792897076428,1
7471-WNSUF,0.0037577408225009123,0
8219-VYBVI,0.007838187094550789,0
9332-GYWLO,0.3872759958284846,0
4727-MCYZG,0.44917811150234555,0
1092-WPIVQ,0.02859904136573513,0
9259-PACGQ,0.058862695680699656,0
8242-SOQUO,0.7187234198909922,1
3694-GLTJM,0.18975486996949817,0
0464-WJTKO,0.0006831644992492324,0
7018-FPXHH,0.0091425918460275,0
1475-VWVDO,0.6148691599912832,1
3537-RYBHH,0.0803819102691166,0
0239-OXEXL,0.14927801672305535,0
0394-YONDK,0.0010302520398824974,0
2731-GJRDG,0.2505315642431502,0
3486-NPGST,0.012381113721726107,0
3258-SANFR,0.3502330779609355,0
2154-KVJFF,0.5667064202194393,1
6527-PZFPV,0.0295502842306467,0
4526-ZJJTM,0.37317431062422596,0
8231-BSWXX,0.05951308496887581,0
5168-MSWXT,0.6878722569740322,1
7392-YYPYJ,0.6868112042034354,1
4923-ADWXJ,0.15558019504259532,0
4512-ZUIYL,0.5633302661935615,1
8149-RSOUN,0.8267954267813021,1
4673-KKSLS,0.1596567827972183,0
9039-ZVJDC,0.2358160900147398,0
8620-RJPZN,0.20469816177373554,0
1374-DMZUI,0.8487724427358545,1
6434-TTGJP,0.055042054056112406,0
5939-XAIXZ,0.3190713242502459,0
0536-ACXIP,0.12546436792107257,0
5092-STPKP,0.06790257008584356,0
8627-EHGIP,0.11468103931197698,0
6374-NTQLP,0.04785838346963862,0
0495-RVCBF,0.7483745157625782,1
7375-WMVMT,0.04244849330312212,0
5275-SQEIZ,0.7317224742963055,1
9526-JAWYF,0.36407941393130827,0
4522-AKYLR,0.339301535250863,0
5906-BFOZT,0.2609584799058165,0
2120-SMPEX,0.07281679104685787,0
6719-OXYBR,0.5098724989881223,1
5269-NRGDP,0.04510760208255598,0
8734-DKSTZ,0.6011560811486103,1
7508-DQAKK,0.014891098812909776,0
8621-MNIHH,0.5285402178744019,1
3179-GBRWV,0.22755618067445435,0
2277-AXSDC,0.015209730745887775,0
3161-ONRWK,0.007528831484403344,0
9470-RTWDV,0.13066774092414654,0
7644-OMVMY,0.06601940465182884,0
6789-HJBWG,0.32708529108686024,0
1850-AKQEP,0.10848793839195281,0
8067-NIOYM,0.02022013907042444,0
7951-QKZPL,0.017118408432684657,0
3253-HKOKL,0.1269593579823385,0
4174-LPGTI,0.038879108318072425,0
5913-INRQV,0.14095848040364334,0
1641-BYBTK,0.17259015522172552,0
7820-ZYGNY,0.09300306388763503,0
5950-AAAGJ,0.5398644189099127,1
3034-ZBEQN,0.029234280939156875,0
0617-AQNWT,0.007829958064391221,0
5440-FLBQG,0.10301600095538674,0
9812-GHVRI,0.35383294702656953,0
7602-MVRMB,0.06838354331422777,0
1114-CENIM,0.051210829452773575,0
6876-ADESB,0.3311005506451189,0
5816-JMLGY,0.013103291983043544,0
9874-QLCLH,0.587645841349284,1
5091-HFAZW,0.5980567988868483,1
5795-BKOYE,0.004361630575885335,0
6726-WEXXK,0.3044358786444826,0
5075-JSDKI,0.003100484055602467,0
4821-SJHJV,0.33466159767318954,0
8708-XPXHZ,0.5565680753194436,1
8705-WZCYL,0.5253018871858915,1
0641-EVBOJ,0.4367249229777438,0
2252-ISRNH,0.5248158153470703,1
8752-IMQOS,0.0721527229298834,0
5103-MHMHY,0.3560347530297814,0
2346-LOCWC,0.001542186118693316,0
9074-KGVOX,0.07427844149417485,0
3801-HMYNL,0.6539425816610429,1
3396-DKDEL,0.05965200731487728,0
1173-XZPYF,0.7073779103047982,1
9355-NPPFS,0.5857650944024407,1
9786-IJYDL,0.14031258708873262,0
9389-ACWBI,0.4625755403641212,0
3957-HHLMR,0.012723333483753062,0
9137-NOQKA,0.22667316863782588,0
7665-NKLAV,0.01557466482029309,0
6015-VVHHE,0.7678436471209049,1
9802-CAQUT,0.04937662843802739,0
4803-AXVYP,0.5453788617657646,1
9644-KVCNC,0.16054521089085133,0
0264-CNITK,0.0007117409773948069,0
3712-PKXZA,0.003600705238346536,0
3259-FDWOY,0.12007842701611438,0
1384-RCUXW,0.5412290740973758,1
2085-BOJKI,0.47766396626598323,0
7294-TMAOP,0.7169555451895526,1
1862-SKORY,0.24930056076257967,0
7816-VGHTO,0.09713105535372274,0
0114-IGABW,0.009409947584535647,0
6265-FRMTQ,0.010667765061879548,0
6100-QQHEB,0.695278662437403,1
3874-EQOEP,0.7022340746346452,1
0256-LTHVJ,0.4804239992059611,0
7123-WQUHX,0.15156091666489693,0
4123-FCVCB,0.2855354523735324,0
1360-XFJMR,0.13320077450015658,0
8064-RAVOH,0.4350880349995733,0
0620-XEFWH,0.13656191233179452,0
8816-VXNZD,0.7532411596692988,1
1355-KUSBG,0.35871753422219976,0
3126-WQMGH,0.09834412376582743,0
4079-ULGFR,0.08016497836480664,0
3583-KRKMD,0.3814993464032775,0
4830-FAXFM,0.08940850767963608,0
6397-JNZZG,0.16232572287448463,0
6683-VLCTZ,0.7328989452061121,1
4320-QMLLA,0.3895016769350514,0
0959-WHOKV,0.20313974896238596,0
5747-PMBSQ,0.5047098183486899,1
5406-KGRMX,0.0014400885905811944,0
3351-NQLDI,0.05808842374675813,0
7521-AFHAB,0.31274672129239317,0
0847-HGRML,0.0012236220484982349,0
1905-OEILC,0.18896944428351584,0
5970-GHJAW,0.0031080327178304606,0
6244-BESBM,0.06153035362920548,0
8747-UDCOI,0.0012991248317124505,0
5178-LMXOP,0.8608495090102805,1
2739-CACDQ,0.6027716179876793,1
2252-JHJGE,0.1518008177711588,0
4603-JANFB,0.7056683834758049,1
5520-FVEWJ,0.5157732107182196,1
3049-NDXFL,0.6921271916771471,1
7740-BTPUX,0.2023344131442157,0
8466-PZBLH,0.044543582776047586,0
5802-ADBRC,0.2641119710381986,0
1658-BYGOY,0.7849507037816822,1
3902-MIVLE,0.00793360133763876,0
5485-ITNPC,0.01291224794066053,0
2523-EWWZL,0.4154728249991993,0
0508-SQWPL,0.0026388569178967636,0
2453-SAFNS,0.03574807864405003,0
1624-NALOJ,0.7567138628333003,1
6712-OAWRH,0.6864508276345198,1
4075-JFPGR,0.11937960856264217,0
1442-BQPVU,0.3408124004887964,0
4735-ASGMA,0.6549840481939414,1
2408-TZMJL,0.20605440231767488,0
1035-IPQPU,0.4255570506828896,0
9548-ZMVTX,0.017819288926536895,0
3976-BWUCK,0.35668280763219234,0
1163-VIPRI,0.0631188839221038,0
9700-ISPUP,0.2529840529738201,0
4137-JOPHL,0.07332039207657036,0
9646-NMHXE,0.004404866043834333,0
7055-JCGNI,0.05626041072822251,0
9512-UIBFX,0.5011148658887753,1
5148-ORICT,0.008713970381764148,0
1852-QSWCD,0.0025565371687276284,0
8739-WWKDU,0.6196697150063304,1
7839-QRKXN,0.26560248628065297,0
5495-GPSRW,0.03528181264083725,0
0746-JTRFU,0.6720502824518751,1
9555-SAHUZ,0.0468637028483726,0
7530-HDYDS,0.16368339850192223,0
9839-ETQOE,0.07384598118462206,0
9411-TPQQV,0.0813272570298888,0
4873-ILOLJ,0.6512167290268156,1
1324-NLTJE,0.2040004640757221,0
8597-CTXVJ,0.004385028162618169,0
1813-JLKWR,0.0017444911342607789,0
4702-HDRKD,0.01371876632443216,0
5716-LIBJC,0.41815746590973346,0
8634-MPHTR,0.6079444249526915,1
2877-VDUER,0.06333345334411421,0
7665-TOALD,0.7082478134273856,1
2661-GKBTK,0.012300476346795581,0
3177-LASXD,0.6170052500249129,1
1612-EOHDH,0.4230660237439664,0
2043-WVTQJ,0.27402322494400144,0
1597-LHYNC,0.5158262807002988,1
8178-EYZUO,0.28640652964861146,0
1991-VOPLL,0.12125202917180106,0
7993-NQLJE,0.3101525495533889,0
2615-YVMYX,0.30787134827250495,0
9281-PKKZE,0.24570962000754873,0
3806-DXQOM,0.4682827360193393,0
2842-BCQGE,0.3031091570311447,0
2811-POVEX,0.45617505223736216,0
0201-OAMXR,0.06626703176034604,0
8404-VLQFB,0.1499250560041995,0
4816-LXZYW,0.48281028774983015,0
3701-SFMUH,0.2722935087570782,0
0257-KXZGU,0.0983062818478759,0
5871-DGTXZ,0.016180629904468263,0
3400-ESFUW,0.0035502963826986103,0
2225-ZRGSG,0.013263501003206103,0
7434-SHXLS,0.19157871038649676,0
5312-TSZVC,0.03849267813946317,0
8687-BAFGU,0.4729928238732922,0
1112-CUNAO,0.5992050591055283,1
8741-LQOBK,0.03639209170977489,0
3451-VAWLI,0.006565421299272417,0
3230-IUALN,0.02809325458159415,0
1506-YJTYT,0.012586857717166966,0
0106-GHRQR,0.34337948656010764,0
4043-MKDTV,0.07056194477777142,0
8372-JUXUI,0.7077228997809956,1
4860-YZGZM,0.12344356531752247,0
0962-CQPWQ,0.001313286807243387,0
3415-TAILE,0.4640487672105166,0
7876-AEHIG,0.025586224903223483,0
0925-VYDLG,0.649143152662293,1
4092-OFQZS,0.03623914644170959,0
5813-UECBU,0.36850159509162167,0
1217-VASWC,0.3002800249638457,0
0078-XZMHT,0.02203156056608411,0
7021-XSNYE,0.08143521351541877,0
8035-PWSEV,0.5500296239876943,1
4078-SAYYN,0.7612868186750623,1
4872-VXRIL,0.015261385910902581,0
8261-GWDBQ,0.11037791219918852,0
0899-LIIBW,0.5343201561366823,1
3468-DRVQJ,0.1457910212539205,0
3407-JMJQQ,0.07763790725709185,0
7531-GQHME,0.08913293554784171,0
8405-IGQFX,0.0819368955738423,0
3724-UCSHY,0.12305495151887819,0
4654-GGUII,0.10426490501888873,0
0196-VULGZ,0.7987502757130357,1
1809-DMJHQ,0.30911047709069067,0
3970-XGJDU,0.002023065106862819,0
8592-PLTMQ,0.0032230617892358635,0
4464-JCOLN,0.08616801503566812,0
4304-XUMGI,0.031089021398723504,0
7853-WNZSY,0.23005403996948617,0
2139-FQHLM,0.3365828636512506,0
2632-TACXW,0.0020826990386204024,0
1448-PWKYE,0.6157026658374516,1
8725-JEDFD,0.4150646614365121,0
5056-FIMPT,0.10818773914103032,0
4815-YOSUK,0.044182921118549115,0
9308-ANMVE,0.04671038914020767,0
6997-UVGOX,0.0057627582271459026,0
0769-MURVM,0.005674972713670272,0
7901-IIDQV,0.0681710620283996,0
6959-UWKHF,0.5195674364633796,1
1875-QIVME,0.7094773344286098,1
4659-NZRUF,0.5079157089352325,1
9027-YFHQJ,0.2184711047214999,0
6928-ONTRW,0.0006026653956588682,0
1346-UFHAX,0.49086025357791335,0
2188-SXWVT,0.03347107449445859,0
0822-QGCXA,0.22033430388423217,0
8285-ABVLB,0.0008389493923085086,0
3272-VUHPV,0.13915968640037457,0
3642-BYHDO,0.0007100066337625434,0
6507-ZJSUR,0.711797381064912,1
5320-BRKGK,0.010917194276420608,0
2226-ICFDO,0.013217589759086323,0
0392-BZIUW,0.10352029654027776,0
2636-ALXXZ,0.7530624272585806,1
8270-RKSAP,0.6307517759776186,1
0322-YINQP,0.3906271945561189,0
1602-IJQQE,0.6425390835666869,1
2057-BOYKM,0.030865455952440606,0
9133-AYJZG,0.5931122718661904,1
4962-CHQPW,0.015846673089661888,0
5299-RULOA,0.6752856528330733,1
0601-WZHJF,0.546543169439771,1
5701-GUXDC,0.07528414150146921,0
1265-ZFOSD,0.013030823986178672,0
1403-LKLIK,0.01275284341214283,0
8514-VZHEB,0.0016231202136959212,0
7593-XFKDI,0.4020857448125286,0
2346-CZYIL,0.01261973959729778,0
3714-JTVOV,0.24272218718877508,0
7576-ASEJU,0.04668960475031958,0
6765-MBQNU,0.033653688302894925,0
3913-FCUUW,0.004539706787679687,0
5153-LXKDT,0.1020430459162117,0
9617-UDPEU,0.04613511971649346,0
9036-CSKBW,0.1472190682701172,0
6439-PKTRR,0.006380419620201705,0
4846-WHAFZ,0.504082210467199,1
7997-EASSD,0.06758579001588297,0
1927-QEWMY,0.0007896745970392088,0
1666-JZPZT,0.17696421798433856,0
3668-QPYBK,0.3156093523368747,0
3340-QBBFM,0.033456328162934416,0
9746-YKGXB,0.022470050209674738,0
5201-FRKKS,0.2517453851202858,0
6013-BHCAW,0.029371114165459376,0
8292-ITGYJ,0.007945488609003053,0
0224-HJAPT,0.4131237236723108,0
1090-PYKCI,0.05145824328930711,0
8644-XLFBW,0.7547921593593784,1
5828-AVIPD,0.4214028550925241,0
5821-MMEIL,0.0021312541396743194,0
8519-QJGJD,0.44681972076581855,0
8183-ONMXC,0.6533374709711158,1
8873-TMKGR,0.0192098039127085,0
5702-SKUOB,0.16675961445003853,0
7982-VCELR,0.45215051169306136,0
8903-XEBGX,0.513302402044065,1
6833-JMZYP,0.6316888441559357,1
5482-VXSXJ,0.5833858876016231,1
7325-ENZFI,0.033871166705248826,0
1583-IHQZE,0.5732202588129985,1
0853-NWIFK,0.2178277941042475,0
2672-OJQZP,0.40129860482376783,0
6464-KEXXH,0.5218301563810993,1
1265-HVPZB,0.012647451113149546,0
4628-CTTLA,0.08317639119261915,0
8148-WOCMK,0.033996040564797915,0
5960-MVTUK,0.5289932418096167,1
0174-QRVVY,0.0009851708348200638,0
5003-OKNNK,0.03490626991686808,0
8922-NPKBJ,0.004890164348645824,0
1930-QPBVZ,0.018250603036675014,0
4009-ALQFH,0.5424673177893699,1
2324-AALNO,0.007726351615497096,0
4013-GUXND,0.18900790288438213,0
6161-UUUTA,0.785584746115669,1
9904-EHEVJ,0.5486202363133031,1
8785-CJSHH,0.41208816250895963,0
6861-OKBCE,0.07854403522679997,0
8388-FYNPZ,0.2607055664830537,0
5909-ECHUI,0.5832605258846315,1
4110-PFEUZ,0.5914741637107545,1
2866-IKBTM,0.18906216115209507,0
1699-UOTXU,0.006946156806525208,0
1501-SGHBW,0.38718367092012757,0
3807-XHCJH,0.1763582346343301,0
0265-EDXBD,0.5237800614123457,1
6705-LXORM,0.6303191288319268,1
7018-WBJNK,0.551384135689646,1
9087-EYCPR,0.0026810018654374605,0
3315-IKYZQ,0.056885403319304306,0
4957-TIALW,0.030941615568045547,0
6048-NJXHX,0.010975831452330526,0
4415-IJZTP,0.751889605809847,1
1897-OKVMW,0.01829124483634278,0
7639-OPLNG,0.008416917024292824,0
6591-QGOYB,0.3349010104754269,0
0771-CHWSK,0.01323164928267694,0
1064-FBXNK,0.07827528942062661,0
1004-NOZNR,0.10614218543024768,0
5016-LIPDW,0.0027350090485403025,0
8033-VCZGH,0.2766555123164842,0
6990-YNRIO,0.044489317554954604,0
2886-KEFUM,0.2768985444063497,0
1208-DNHLN,0.12779296833280435,0
1024-GUALD,0.6942520400017141,1
4742-TXUEX,0.003211544080971965,0
0812-WUPTB,0.6524775544458614,1
0164-APGRB,0.0857994217042854,0
9426-SXNHE,0.16685487895478143,0
7729-JTEEC,0.46748334886809884,0
0946-FKYTX,0.024882545346847203,0
9224-VTYID,0.03138786580196913,0
9526-BIHHD,0.45259937160318536,0
8714-CTZJW,0.632675444172717,1
8908-NMQTX,0.01015303930482758,0
7854-FOKSF,0.6357708433509418,1
6874-SGLHU,0.3647556642616309,0
5651-WYIPH,0.25622911321699443,0
6402-EJMWF,0.5219064137503621,1
3096-JRDSO,0.5017727583786851,1
5917-RYRMG,0.01698374158667168,0
0017-DINOC,0.011222101767163461,0
0887-HJGAR,0.5067902340753788,1
1776-SPBWV,0.017462067339330877,0
6633-MPWBS,0.34009930036735964,0
2057-ZBLPD,0.6631400207612453,1
7594-RQHXR,0.7071694851266471,1
6242-FEGFD,0.022317729980702423,0
3452-SRFEG,0.2800361201337685,0
1422-DGUBX,0.2320330696686173,0
5286-YHCVC,0.12100100963436851,0
2482-CZGBB,0.6271196065793304,1
0730-KOAVE,0.34236879256216723,0
5954-BDFSG,0.1052827561871687,0
1564-HJUVY,0.31167180257524013,0
7241-AJHFS,0.17937555354975362,0
3934-HXCFZ,0.45587423007264244,0
7244-KXYZN,0.023882405898623334,0
0980-FEXWF,0.06547877078438975,0
1591-NFNLQ,0.17821218011055934,0
6890-PFRQX,0.2192655894269871,0
4912-PIGUY,0.7974276352977834,1
4631-OACRM,0.6813189256846535,1
0374-FIUCA,0.0019073947782620635,0
5150-ITWWB,0.8518576597335775,1
8313-KTIHG,0.4266283189919498,0
6365-MTGZX,0.5093621757498246,1
6060-QBMGV,0.0008653994483368269,0
2545-LXYVJ,0.0008446824035760124,0
7994-UYIVZ,0.7143414356710034,1
4283-IVYCI,0.17297483547980913,0
7277-KAMWT,0.03030541390345523,0
5226-NOZFC,0.48985012940001255,0
1535-VTJOQ,0.01985955626743241,0
2419-FSORS,0.0942782729395574,0
8375-DKEBR,0.7530624272585806,1
6181-AXXYF,0.0009146445356979618,0
0225-ZORZP,0.5684633290336661,1
1373-ORVIZ,0.3582201711619489,0
7641-TQFHN,0.1365497660965,0
6204-IEUXJ,0.3601770022514728,0
3164-YAXFY,0.11408073645237211,0
0334-ZFJSR,0.014685391128335045,0
3473-XIIIT,0.7048403447799113,1
1069-QJOEE,0.023317526216837837,0
1910-FMXJM,0.3598377251371114,0
5816-SCGFC,0.4307602753141395,0
0311-QYWSS,0.3592688480019387,0
6629-CZTTH,0.5570073736390841,1
7975-TZMLR,0.3154476485615416,0
2150-OEGBV,0.020902091855989027,0
4537-CIBHB,0.05796694743307276,0
3945-GFWQL,0.3322842726673538,0
4304-TSPVK,0.05048715049636853,0
6621-YOBKI,0.15189998020572681,0
6283-GITPX,0.00527075308940143,0
2868-MZAGQ,0.7444148542003856,1
7577-SWIFR,0.7907432495338924,1
7691-XVTZH,0.09561731894062486,0
4430-UZIPO,0.4437631323739865,0
5448-VWNAM,0.15702222086432782,0
9028-LIHRP,0.015458505400972813,0
7663-YJHSN,0.04197151219296432,0
2694-CIUMO,0.4760205821172835,0
1218-VKFPE,0.08781274459959969,0
1135-LMECX,0.1896191949647257,0
3470-OBUET,0.005075180532709153,0
8785-EPNCG,0.11283868081848447,0
6651-RLGGM,0.00147031908916902,0
1732-VHUBQ,0.17454581400433009,0
6185-TASNN,0.47910219713761537,0
6478-HRRCZ,0.03222165308256802,0
4647-XXZAM,0.30512166944777,0
4817-VYYWS,0.614549981528187,1
1465-LNTLJ,0.3378259227102372,0
5537-UXXVS,0.06106757831254915,0
9670-BPNXF,0.017806650084511693,0
3070-DVEYC,0.6386255932913597,1
